{
  "chain": [
    {
      "hash": "677d0d613307c379492024fa7dd533a02d0f20829e2b03de7502d482fd9a2f43",
      "previousHash": "0",
      "timeStamp": "2023-04-17 11:07:45",
      "transactions": [],
      "nonce": 0
    },
    {
      "hash": "000007fcfee6383da191461eda27f950d187ff0051644531d11e4cd2b137522b",
      "previousHash": "677d0d613307c379492024fa7dd533a02d0f20829e2b03de7502d482fd9a2f43",
      "timeStamp": "2023-04-17 11:07:45",
      "transactions": [
        {
          "artwork": {
            "title": "Mona Lisa",
            "artist": "Leonardo da Vinci",
            "creationDate": "1503",
            "provenance": "Louvre Museum, Paris"
          },
          "sender": "Owner1",
          "receiver": "Buyer1",
          "signature": "signature1"
        },
        {
          "artwork": {
            "title": "The Starry Night",
            "artist": "Vincent van Gogh",
            "creationDate": "1889",
            "provenance": "Museum of Modern Art, New York"
          },
          "sender": "Owner2",
          "receiver": "Buyer2",
          "signature": "signature2"
        }
      ],
      "nonce": 287216
    },
    {
      "hash": "000006a1b731e052d32a17d0e53b708c3ce83a89dff5c5f2860a11d0370e1edc",
      "previousHash": "000007fcfee6383da191461eda27f950d187ff0051644531d11e4cd2b137522b",
      "timeStamp": "2023-04-17 11:08:25",
      "transactions": [
        {
          "artwork": {
            "title": "Mona Lisa",
            "artist": "Leonardo da Vinci",
            "creationDate": "1503",
            "provenance": "Louvre Museum, Paris"
          },
          "sender": "Owner1",
          "receiver": "Buyer1",
          "signature": "signature1"
        },
        {
          "artwork": {
            "title": "The Starry Night",
            "artist": "Vincent van Gogh",
            "creationDate": "1889",
            "provenance": "Museum of Modern Art, New York"
          },
          "sender": "Owner2",
          "receiver": "Buyer2",
          "signature": "signature2"
        }
      ],
      "nonce": 26189
    },
    {
      "hash": "00006b147c8743387b5af61a39ab72ed870ea76beaa84ee00b2ad635c3c1595c",
      "previousHash": "000006a1b731e052d32a17d0e53b708c3ce83a89dff5c5f2860a11d0370e1edc",
      "timeStamp": "2023-04-17 11:08:40",
      "transactions": [
        {
          "artwork": {
            "title": "Mona Lisa",
            "artist": "Leonardo da Vinci",
            "creationDate": "1503",
            "provenance": "Louvre Museum, Paris"
          },
          "sender": "Owner1",
          "receiver": "Buyer1",
          "signature": "signature1"
        },
        {
          "artwork": {
            "title": "The Starry Night",
            "artist": "Vincent van Gogh",
            "creationDate": "1889",
            "provenance": "Museum of Modern Art, New York"
          },
          "sender": "Owner2",
          "receiver": "Buyer2",
          "signature": "signature2"
        }
      ],
      "nonce": 6751
    },
    {
      "hash": "0000604affa526fc991d1f1a687d3d05a5e42fd4c9b7d5966f15154b0dd187f0",
      "previousHash": "00006b147c8743387b5af61a39ab72ed870ea76beaa84ee00b2ad635c3c1595c",
      "timeStamp": "2023-04-17 11:10:48",
      "transactions": [
        {
          "artwork": {
            "title": "Mona Lisa",
            "artist": "Leonardo da Vinci",
            "creationDate": "1503",
            "provenance": "Louvre Museum, Paris"
          },
          "sender": "Owner1",
          "receiver": "Buyer1",
          "signature": "signature1"
        },
        {
          "artwork": {
            "title": "The Starry Night",
            "artist": "Vincent van Gogh",
            "creationDate": "1889",
            "provenance": "Museum of Modern Art, New York"
          },
          "sender": "Owner2",
          "receiver": "Buyer2",
          "signature": "signature2"
        }
      ],
      "nonce": 53140
    },
    {
      "hash": "000065b2eb6bcf81ca1521f00294d58e6ffa384308636f31312c1a7a165bee74",
      "previousHash": "0000604affa526fc991d1f1a687d3d05a5e42fd4c9b7d5966f15154b0dd187f0",
      "timeStamp": "2023-04-17 11:29:33",
      "transactions": [
        {
          "artwork": {
            "title": "Mona Lisa",
            "artist": "Leonardo da Vinci",
            "creationDate": "1503",
            "provenance": "Louvre Museum, Paris"
          },
          "sender": "Owner1",
          "receiver": "Buyer1",
          "signature": "signature1"
        },
        {
          "artwork": {
            "title": "The Starry Night",
            "artist": "Vincent van Gogh",
            "creationDate": "1889",
            "provenance": "Museum of Modern Art, New York"
          },
          "sender": "Owner2",
          "receiver": "Buyer2",
          "signature": "signature2"
        }
      ],
      "nonce": 18488
    },
    {
      "hash": "00001a83fbe031c288ea79b9427934de8fc7fff311d5b986a601e1b8499555d1",
      "previousHash": "000065b2eb6bcf81ca1521f00294d58e6ffa384308636f31312c1a7a165bee74",
      "timeStamp": "2023-04-17 11:31:25",
      "transactions": [
        {
          "artwork": {
            "title": "Mona Lisa",
            "artist": "Leonardo da Vinci",
            "creationDate": "1503",
            "provenance": "Louvre Museum, Paris"
          },
          "sender": "Owner1",
          "receiver": "Buyer1",
          "signature": "signature1"
        },
        {
          "artwork": {
            "title": "The Starry Night",
            "artist": "Vincent van Gogh",
            "creationDate": "1889",
            "provenance": "Museum of Modern Art, New York"
          },
          "sender": "Owner2",
          "receiver": "Buyer2",
          "signature": "signature2"
        }
      ],
      "nonce": 429490
    },
    {
      "hash": "000021e8a0444e0c2adfc3ee6742741b080e8c294f228d01d952e5a0d300471b",
      "previousHash": "00001a83fbe031c288ea79b9427934de8fc7fff311d5b986a601e1b8499555d1",
      "timeStamp": "2023-04-17 11:37:52",
      "transactions": [
        {
          "artwork": {
            "title": "Mona Lisa",
            "artist": "Leonardo da Vinci",
            "creationDate": "1503",
            "provenance": "Louvre Museum, Paris"
          },
          "sender": "Owner1",
          "receiver": "Buyer1",
          "signature": "signature1"
        },
        {
          "artwork": {
            "title": "The Starry Night",
            "artist": "Vincent van Gogh",
            "creationDate": "1889",
            "provenance": "Museum of Modern Art, New York"
          },
          "sender": "Owner2",
          "receiver": "Buyer2",
          "signature": "signature2"
        }
      ],
      "nonce": 45400
    },
    {
      "hash": "00001d1debd84905a442f70655dcfe9322904ce7057a9de34e09ac77ef9b3efe",
      "previousHash": "000021e8a0444e0c2adfc3ee6742741b080e8c294f228d01d952e5a0d300471b",
      "timeStamp": "2023-04-17 11:52:16",
      "transactions": [
        {
          "artwork": {
            "title": "Mona Lisa",
            "artist": "Leonardo da Vinci",
            "creationDate": "1503",
            "provenance": "Louvre Museum, Paris"
          },
          "sender": "Owner1",
          "receiver": "Buyer1",
          "signature": "signature1"
        },
        {
          "artwork": {
            "title": "The Starry Night",
            "artist": "Vincent van Gogh",
            "creationDate": "1889",
            "provenance": "Museum of Modern Art, New York"
          },
          "sender": "Owner2",
          "receiver": "Buyer2",
          "signature": "signature2"
        }
      ],
      "nonce": 26142
    },
    {
      "hash": "00002c1c49b73d39aafdb1befbf01369850be454b51b4abbd202fa77aa433a5a",
      "previousHash": "00001d1debd84905a442f70655dcfe9322904ce7057a9de34e09ac77ef9b3efe",
      "timeStamp": "2023-04-17 14:03:50",
      "transactions": [
        {
          "artwork": {
            "title": "Mona Lisa",
            "artist": "Leonardo da Vinci",
            "creationDate": "1503",
            "provenance": "Louvre Museum, Paris"
          },
          "sender": "Owner1",
          "receiver": "Buyer1",
          "signature": "signature1"
        },
        {
          "artwork": {
            "title": "The Starry Night",
            "artist": "Vincent van Gogh",
            "creationDate": "1889",
            "provenance": "Museum of Modern Art, New York"
          },
          "sender": "Owner2",
          "receiver": "Buyer2",
          "signature": "signature2"
        }
      ],
      "nonce": 2087
    },
    {
      "hash": "0000ad43293bd34e683425b155ea8ceccd3ed9e95199a2e55185e18a148cf42a",
      "previousHash": "00002c1c49b73d39aafdb1befbf01369850be454b51b4abbd202fa77aa433a5a",
      "timeStamp": "2023-04-17 14:03:58",
      "transactions": [
        {
          "artwork": {
            "title": "Mona Lisa",
            "artist": "Leonardo da Vinci",
            "creationDate": "1503",
            "provenance": "Louvre Museum, Paris"
          },
          "sender": "Owner1",
          "receiver": "Buyer1",
          "signature": "signature1"
        },
        {
          "artwork": {
            "title": "The Starry Night",
            "artist": "Vincent van Gogh",
            "creationDate": "1889",
            "provenance": "Museum of Modern Art, New York"
          },
          "sender": "Owner2",
          "receiver": "Buyer2",
          "signature": "signature2"
        }
      ],
      "nonce": 157117
    },
    {
      "hash": "0000ea4e4a28fd47eb3e91093570c4fa56aa16b43024f87c17becadc9e753950",
      "previousHash": "0000ad43293bd34e683425b155ea8ceccd3ed9e95199a2e55185e18a148cf42a",
      "timeStamp": "2023-04-17 14:09:09",
      "transactions": [
        {
          "artwork": {
            "title": "Mona Lisa",
            "artist": "Leonardo da Vinci",
            "creationDate": "1503",
            "provenance": "Louvre Museum, Paris"
          },
          "sender": "Owner1",
          "receiver": "Buyer1",
          "signature": "signature1"
        },
        {
          "artwork": {
            "title": "The Starry Night",
            "artist": "Vincent van Gogh",
            "creationDate": "1889",
            "provenance": "Museum of Modern Art, New York"
          },
          "sender": "Owner2",
          "receiver": "Buyer2",
          "signature": "signature2"
        }
      ],
      "nonce": 22470
    },
    {
      "hash": "00002c7664562e78cfc75fb5a0985936f9ffc3200383220739872be74af2f8cb",
      "previousHash": "0000ea4e4a28fd47eb3e91093570c4fa56aa16b43024f87c17becadc9e753950",
      "timeStamp": "2023-04-17 16:32:53",
      "transactions": [
        {
          "artwork": {
            "title": "Mona Lisa",
            "artist": "Leonardo da Vinci",
            "creationDate": "1503",
            "provenance": "Louvre Museum, Paris"
          },
          "sender": "Owner1",
          "receiver": "Buyer1",
          "signature": "signature1"
        },
        {
          "artwork": {
            "title": "The Starry Night",
            "artist": "Vincent van Gogh",
            "creationDate": "1889",
            "provenance": "Museum of Modern Art, New York"
          },
          "sender": "Owner2",
          "receiver": "Buyer2",
          "signature": "signature2"
        }
      ],
      "nonce": 102329
    },
    {
      "hash": "0000c113ba1c95678e1c52d944ef0cb93eae6531db53a4f9b64540a143228fd8",
      "previousHash": "00002c7664562e78cfc75fb5a0985936f9ffc3200383220739872be74af2f8cb",
      "timeStamp": "2023-04-17 17:29:26",
      "transactions": [
        {
          "artwork": {
            "title": "Mona Lisa",
            "artist": "Leonardo da Vinci",
            "creationDate": "1503",
            "provenance": "Louvre Museum, Paris"
          },
          "sender": "Owner1",
          "receiver": "Buyer1",
          "signature": "signature1"
        },
        {
          "artwork": {
            "title": "The Starry Night",
            "artist": "Vincent van Gogh",
            "creationDate": "1889",
            "provenance": "Museum of Modern Art, New York"
          },
          "sender": "Owner2",
          "receiver": "Buyer2",
          "signature": "signature2"
        }
      ],
      "nonce": 162074
    },
    {
      "hash": "0000fa8fb62ca021adcabdde54c8a2bbcc92779e2b0062ff112518c38dba6c78",
      "previousHash": "0000c113ba1c95678e1c52d944ef0cb93eae6531db53a4f9b64540a143228fd8",
      "timeStamp": "2023-04-17 17:30:54",
      "transactions": [
        {
          "artwork": {
            "title": "Mona Lisa",
            "artist": "Leonardo da Vinci",
            "creationDate": "1503",
            "provenance": "Louvre Museum, Paris"
          },
          "sender": "Owner1",
          "receiver": "Buyer1",
          "signature": "signature1"
        },
        {
          "artwork": {
            "title": "The Starry Night",
            "artist": "Vincent van Gogh",
            "creationDate": "1889",
            "provenance": "Museum of Modern Art, New York"
          },
          "sender": "Owner2",
          "receiver": "Buyer2",
          "signature": "signature2"
        }
      ],
      "nonce": 51335
    }
  ],
  "pendingTransactions": [],
  "difficulty": 4
}