<?xml version="1.0" encoding="UTF-8"?>
<project-private xmlns="http://www.netbeans.org/ns/project-private/1">
    <editor-bookmarks xmlns="http://www.netbeans.org/ns/editor-bookmarks/2" lastBookmarkId="0"/>
    <open-files xmlns="http://www.netbeans.org/ns/projectui-open-files/2">
        <group>
            <file>file:/C:/Users/gary5/OneDrive/Documents/NetBeansProjects/BlockChainV2.0.0/src/network/P2PNode.java</file>
            <file>file:/C:/Users/gary5/OneDrive/Documents/NetBeansProjects/BlockChainV2.0.0/src/core/Artwork.java</file>
            <file>file:/C:/Users/gary5/OneDrive/Documents/NetBeansProjects/BlockChainV2.0.0/src/Main/Main.java</file>
            <file>file:/C:/Users/gary5/OneDrive/Documents/NetBeansProjects/BlockChainV2.0.0/src/core/Transaction.java</file>
            <file>file:/C:/Users/gary5/OneDrive/Documents/NetBeansProjects/BlockChainV2.0.0/src/core/Block.java</file>
            <file>file:/C:/Users/gary5/OneDrive/Documents/NetBeansProjects/BlockChainV2.0.0/src/core/Blockchain.java</file>
            <file>file:/C:/Users/gary5/OneDrive/Documents/NetBeansProjects/BlockChainV2.0.0/src/utils/StringUtil.java</file>
            <file>file:/C:/Users/gary5/OneDrive/Documents/NetBeansProjects/BlockChainV2.0.0/src/network/BlockchainIO.java</file>
        </group>
    </open-files>
</project-private>
